,Feature,Coefficients (B)
0,申请日,0.31611455453488924
1,公开(公告)日,0.2549003944814922
2,诉讼案件数,-0.10060792302425522
3,非专利引用文献数量,-0.24247975597425492
4,被引用专利数量,-0.4944372616591713
5,发明人数量,-0.6903428122337335
6,简单同族被引用专利总数,1.2459342983796202
7,3年内被引用次数,0.30843612399093745
8,5年内被引用次数,-0.6221775272782307
9,PatSnap同族被引用专利总数,2.7639077112597126
10,引用专利数量,0.4009128194290244
11,当前申请(专利权)人数量,-0.031861400511599726
